Filename,Size,Unit
/ge2.0.9.64988-1.bin,701.58,M
/ge2.0.9.64988-2.bin,701.9,M
/ge2.0.9.64988-3.bin,701.9,M
/ge2.0.9.64988-4.bin,701.9,M
/ge2.0.9.64988-5.bin,701.9,M
/ge2.0.9.64988-6.bin,110.43,M
/ge2.0.9.64988.exe,326.88,K
