Filename,Size,Unit
/102661545_10504-19748501573.1178039.flv,9.92,M
/126889837_71231-19869840040.1185992.flv,1.84,M
/126889837_71231-19946154548.1191314.flv,1.34,M
/25314490_97893-33662697893.336626.flv,2.78,M
/25314490_97893-36060897893.360608.flv,2.58,M
/43856863_72334-14730572334.147305.flv,4.36,M
/98659585_40683-18193602415.1091150.flv,1.46,M
/Akane.flv,9.29,M
/Akane.jpg,186.43,K
/pussy_love__.flv,482.92,K
