Filename,Size,Unit
/ge2.1.18.68883-3.bin,701.9,M
/ge2.1.18.68883-4.bin,701.9,M
/ge2.1.18.68883-5.bin,701.9,M
/ge2.1.18.68883-6.bin,60.54,M
